{
	"providers": [
		{
			"type": "ttf",
			"file": "minecraft:negative_spaces.ttf",
			"shift": [0.0, 0.0],
			"size": 10.0,
			"oversample": 1.0
		},
		{
			"type": "bitmap",
			"file": "minecraft:font/remelt/capacity_0.png",
			"ascent": -14,
			"height": 8,
			"chars": ["\uE000"]
		},
		{
			"type": "bitmap",
			"file": "minecraft:font/remelt/capacity_1.png",
			"ascent": -14,
			"height": 8,
			"chars": ["\uE001"]
		},
		{
			"type": "bitmap",
			"file": "minecraft:font/remelt/capacity_2.png",
			"ascent": -14,
			"height": 8,
			"chars": ["\uE002"]
		},
		{
			"type": "bitmap",
			"file": "minecraft:font/remelt/capacity_3.png",
			"ascent": -14,
			"height": 8,
			"chars": ["\uE003"]
		},
		{
			"type": "bitmap",
			"file": "minecraft:font/remelt/capacity_4.png",
			"ascent": -14,
			"height": 8,
			"chars": ["\uE004"]
		},
		{
			"type": "bitmap",
			"file": "minecraft:font/remelt/capacity_5.png",
			"ascent": -14,
			"height": 8,
			"chars": ["\uE005"]
		},
		{
			"type": "bitmap",
			"file": "minecraft:font/remelt/capacity_6.png",
			"ascent": -14,
			"height": 8,
			"chars": ["\uE006"]
		},
		{
			"type": "bitmap",
			"file": "minecraft:font/remelt/capacity_7.png",
			"ascent": -14,
			"height": 8,
			"chars": ["\uE007"]
		},
		{
			"type": "bitmap",
			"file": "minecraft:font/remelt/capacity_8.png",
			"ascent": -14,
			"height": 8,
			"chars": ["\uE008"]
		},
		{
			"type": "bitmap",
			"file": "minecraft:font/remelt/capacity_9.png",
			"ascent": -14,
			"height": 8,
			"chars": ["\uE009"]
		},
		{
			"type": "bitmap",
			"file": "minecraft:font/remelt/capacity_10.png",
			"ascent": -14,
			"height": 8,
			"chars": ["\uE010"]
		},
		{
			"type": "bitmap",
			"file": "minecraft:font/remelt/capacity_11.png",
			"ascent": -14,
			"height": 8,
			"chars": ["\uE011"]
		},
		{
			"type": "bitmap",
			"file": "minecraft:font/remelt/capacity_12.png",
			"ascent": -14,
			"height": 8,
			"chars": ["\uE012"]
		},
		{
			"type": "bitmap",
			"file": "minecraft:font/remelt/capacity_13.png",
			"ascent": -14,
			"height": 8,
			"chars": ["\uE013"]
		},
		{
			"type": "bitmap",
			"file": "minecraft:font/remelt/capacity_14.png",
			"ascent": -14,
			"height": 8,
			"chars": ["\uE014"]
		},
		{
			"type": "bitmap",
			"file": "minecraft:font/remelt/capacity_15.png",
			"ascent": -14,
			"height": 8,
			"chars": ["\uE015"]
		},
		{
			"type": "bitmap",
			"file": "minecraft:font/remelt/capacity_16.png",
			"ascent": -14,
			"height": 8,
			"chars": ["\uE016"]
		},
		{
			"type": "bitmap",
			"file": "minecraft:font/remelt/capacity_17.png",
			"ascent": -14,
			"height": 8,
			"chars": ["\uE017"]
		},
		{
			"type": "bitmap",
			"file": "minecraft:font/remelt/capacity_18.png",
			"ascent": -14,
			"height": 8,
			"chars": ["\uE018"]
		},
		{
			"type": "bitmap",
			"file": "minecraft:font/remelt/capacity_19.png",
			"ascent": -14,
			"height": 8,
			"chars": ["\uE019"]
		},
		{
			"type": "bitmap",
			"file": "minecraft:font/remelt/capacity_20.png",
			"ascent": -14,
			"height": 8,
			"chars": ["\uE020"]
		},
		{
			"type": "bitmap",
			"file": "minecraft:font/staff/capacity_1.png",
			"ascent": -14,
			"height": 8,
			"chars": ["\uE021"]
		},
		{
			"type": "bitmap",
			"file": "minecraft:font/staff/capacity_2.png",
			"ascent": -14,
			"height": 8,
			"chars": ["\uE022"]
		},
		{
			"type": "bitmap",
			"file": "minecraft:font/staff/capacity_3.png",
			"ascent": -14,
			"height": 8,
			"chars": ["\uE023"]
		},
		{
			"type": "bitmap",
			"file": "minecraft:font/staff/capacity_4.png",
			"ascent": -14,
			"height": 8,
			"chars": ["\uE024"]
		},
		{
			"type": "bitmap",
			"file": "minecraft:font/staff/capacity_5.png",
			"ascent": -14,
			"height": 8,
			"chars": ["\uE025"]
		},
		{
			"type": "bitmap",
			"file": "minecraft:font/staff/capacity_6.png",
			"ascent": -14,
			"height": 8,
			"chars": ["\uE026"]
		},
		{
			"type": "bitmap",
			"file": "minecraft:font/staff/capacity_7.png",
			"ascent": -14,
			"height": 8,
			"chars": ["\uE027"]
		},
		{
			"type": "bitmap",
			"file": "minecraft:font/staff/capacity_8.png",
			"ascent": -14,
			"height": 8,
			"chars": ["\uE028"]
		},
		{
			"type": "bitmap",
			"file": "minecraft:font/staff/capacity_9.png",
			"ascent": -14,
			"height": 8,
			"chars": ["\uE029"]
		},
		{
			"type": "bitmap",
			"file": "minecraft:font/staff/capacity_10.png",
			"ascent": -14,
			"height": 8,
			"chars": ["\uE030"]
		},
		{
			"type": "bitmap",
			"file": "minecraft:font/staff/capacity_11.png",
			"ascent": -14,
			"height": 8,
			"chars": ["\uE031"]
		},
		{
			"type": "bitmap",
			"file": "minecraft:font/staff/capacity_12.png",
			"ascent": -14,
			"height": 8,
			"chars": ["\uE032"]
		},
		{
			"type": "bitmap",
			"file": "minecraft:font/staff/capacity_13.png",
			"ascent": -14,
			"height": 8,
			"chars": ["\uE033"]
		},
		{
			"type": "bitmap",
			"file": "minecraft:font/staff/capacity_14.png",
			"ascent": -14,
			"height": 8,
			"chars": ["\uE034"]
		},
		{
			"type": "bitmap",
			"file": "minecraft:font/staff/capacity_15.png",
			"ascent": -14,
			"height": 8,
			"chars": ["\uE035"]
		},
		{
			"type": "bitmap",
			"file": "minecraft:font/staff/capacity_16.png",
			"ascent": -14,
			"height": 8,
			"chars": ["\uE036"]
		},
		{
			"type": "bitmap",
			"file": "minecraft:font/staff/capacity_17.png",
			"ascent": -14,
			"height": 8,
			"chars": ["\uE037"]
		},
		{
			"type": "bitmap",
			"file": "minecraft:font/staff/capacity_18.png",
			"ascent": -14,
			"height": 8,
			"chars": ["\uE038"]
		},
		{
			"type": "bitmap",
			"file": "minecraft:font/staff/capacity_19.png",
			"ascent": -14,
			"height": 8,
			"chars": ["\uE039"]
		},
		{
			"type": "bitmap",
			"file": "minecraft:font/staff/capacity_20.png",
			"ascent": -14,
			"height": 8,
			"chars": ["\uE040"]
		},
		{
			"type": "bitmap",
			"file": "minecraft:font/remelt/coal.png",
			"ascent": -14,
			"height": 8,
			"chars": ["\uE041"]
		},
		{
			"type": "bitmap",
			"file": "minecraft:font/remelt/173.png",
			"ascent": -14,
			"height": 8,
			"chars": ["\uE042"]
		},
		{
			"type": "bitmap",
			"file": "minecraft:font/remelt/magma_cream.png",
			"ascent": -14,
			"height": 8,
			"chars": ["\uE043"]
		},
		{
			"type": "bitmap",
			"file": "minecraft:font/remelt/blaze_rod.png",
			"ascent": -14,
			"height": 8,
			"chars": ["\uE044"]
		},
		{
			"type": "bitmap",
			"file": "minecraft:font/remelt/blaze_powder.png",
			"ascent": -14,
			"height": 8,
			"chars": ["\uE045"]
		}
	]
}